1,google.com
2,youtube.com
3,facebook.com
4,baidu.com
5,yahoo.com
6,wikipedia.org
7,google.co.in
8,qq.com
9,taobao.com
10,amazon.com
11,google.co.jp
12,live.com
13,vk.com
14,hao123.com
15,twitter.com
16,sohu.com
17,instagram.com
18,sina.com.cn
19,360.cn
20,tmall.com
21,weibo.com
22,linkedin.com
23,google.de
24,soso.com
25,google.co.uk
26,google.fr
27,yandex.ru
28,google.ru
29,yahoo.co.jp
30,reddit.com
31,google.com.br
32,onclickads.net
33,ebay.com
34,bing.com
35,aliexpress.com
36,google.it
37,msn.com
38,t.co
39,wordpress.com
40,google.es
41,blogspot.com
42,tumblr.com
43,microsoft.com
44,gmw.cn
45,google.com.mx
46,ok.ru
47,apple.com
48,google.ca
49,pornhub.com
50,mail.ru
51,stackoverflow.com
52,popads.net
53,netflix.com
54,google.com.hk
55,naver.com
56,amazon.co.jp
57,imgur.com
58,cnzz.com
59,imdb.com
60,office.com
61,pinterest.com
62,google.co.kr
63,google.com.tr
64,paypal.com
65,xinhuanet.com
66,github.com
67,google.com.au
68,google.com.tw
69,google.co.id
70,cnn.com
71,adobe.com
72,youku.com
73,tianya.cn
74,xhamster.com
75,fc2.com
76,microsoftonline.com
77,adf.ly
78,amazon.de
79,diply.com
80,cctv.com
81,pixnet.net
82,google.pl
83,so.com
84,dropbox.com
85,txxx.com
86,coccoc.com
87,alibaba.com
88,twitch.tv
89,wikia.com
90,people.com.cn
91,googleusercontent.com
92,ask.com
93,savefrom.net
94,nytimes.com
95,amazon.in
96,blogger.com
97,amazon.co.uk
98,bbc.com
99,google.com.eg
100,360.com
101,google.com.sa
102,haosou.com
103,google.co.th
104,craigslist.org
105,bongacams.com
106,google.com.ar
107,google.com.pk
108,youth.cn
109,bet365.com
110,nicovideo.jp
111,zhihu.com
112,bbc.co.uk
113,dailymotion.com
114,rakuten.co.jp
115,whatsapp.com
116,ebay.de
117,espn.com
118,xvideos.com
119,clicksgear.com
120,vimeo.com
121,alipay.com
122,china.com.cn
123,amazonaws.com
124,thepiratebay.org
125,soundcloud.com
126,salesforce.com
127,ebay.co.uk
128,google.nl
129,daum.net
130,thewhizmarketing.com
131,slideshare.net
132,booking.com
133,blastingnews.com
134,ettoday.net
135,detik.com
136,google.co.ve
137,livejasmin.com
138,google.co.za
139,tudou.com
140,popcash.net
141,uptodown.com
142,avito.ru
143,tribunnews.com
144,mediafire.com
145,dailymail.co.uk
146,vice.com
147,uol.com.br
148,china.com
149,steampowered.com
150,globo.com
151,huffingtonpost.com
152,stackexchange.com
153,adexchangeprediction.com
154,csdn.net
155,flipkart.com
156,cnet.com
157,quora.com
158,theguardian.com
159,deviantart.com
160,google.gr
161,walmart.com
162,google.com.vn
163,onlinesbi.com
164,blogspot.co.id
165,chase.com
166,indeed.com
167,godaddy.com
168,force.com
169,livedoor.jp
170,babytree.com
171,sogou.com
172,hclips.com
173,google.com.co
174,google.com.ph
175,indiatimes.com
176,kinogo.club
177,google.be
178,mama.cn
179,9gag.com
180,outbrain.com
181,terraclicks.com
182,detail.tmall.com
183,google.com.ua
184,redtube.com
185,w3schools.com
186,washingtonpost.com
187,upornia.com
188,chaturbate.com
189,foxnews.com
190,etsy.com
191,buzzfeed.com
192,google.se
193,google.ro
194,amazon.it
195,huanqiu.com
196,softonic.com
197,amazon.fr
198,youm7.com
199,chinadaily.com.cn
200,wikihow.com
201,bp.blogspot.com
202,gfycat.com
203,onclickpredictiv.com
204,reimageplus.com
205,google.com.sg
206,github.io
207,iwanttodeliver.com
208,google.cn
209,youporn.com
210,google.at
211,bestbuy.com
212,bankofamerica.com
213,spotify.com
214,google.az
215,theladbible.com
216,doublepimp.com
217,ameblo.jp
218,google.com.ng
219,doubleclick.net
220,openload.co
221,mercadolivre.com.br
222,tistory.com
223,trello.com
224,fbcdn.net
225,livejournal.com
226,slack.com
227,gearbest.com
228,forbes.com
229,pinimg.com
230,nih.gov
231,daikynguyenvn.com
232,163.com
233,google.com.pe
234,myway.com
235,google.ch
236,mozilla.org
237,zol.com.cn
238,wellsfargo.com
239,wittyfeed.com
240,adexc.net
241,weebly.com
242,google.cz
243,wordpress.org
244,wordreference.com
245,scribd.com
246,rutracker.org
247,naver.jp
248,blogspot.in
249,extratorrent.cc
250,51.la
251,allegro.pl
252,bilibili.com
253,twimg.com
254,varzesh3.com
255,giphy.com
256,files.wordpress.com
257,google.ae
258,goo.ne.jp
259,mailchimp.com
260,skype.com
261,google.cl
262,aol.com
263,tokopedia.com
264,abs-cbn.com
265,google.pt
266,shutterstock.com
267,google.dz
268,instructure.com
269,ikea.com
270,google.co.ao
271,yelp.com
272,nametests.com
273,kinopoisk.ru
274,offerreality.com
275,douyu.com
276,blogspot.com.br
277,zippyshare.com
278,spotscenered.info
279,rarbg.to
280,youtube-mp3.org
281,roblox.com
282,rambler.ru
283,wikimedia.org
284,target.com
285,weather.com
286,onedio.com
287,thesaurus.com
288,rt.com
289,webtretho.com
290,sourceforge.net
291,businessinsider.com
292,kompas.com
293,zillow.com
294,archive.org
295,google.no
296,liputan6.com
297,espncricinfo.com
298,xnxx.com
299,taboola.com
300,themeforest.net
301,amazon.es
302,leboncoin.fr
303,sh.st
304,feedly.com
305,xywy.com
306,wetransfer.com
307,irctc.co.in
308,snapdeal.com
309,thewhizproducts.com
310,bitauto.com
311,39.net
312,google.hu
313,taringa.net
314,battle.net
315,ozock.com
316,tripadvisor.com
317,eksisozluk.com
318,amazon.cn
319,ebay-kleinanzeigen.de
320,kissanime.to
321,asos.com
322,seasonvar.ru
323,cnblogs.com
324,yesky.com
325,trackingclick.net
326,freepik.com
327,directrev.com
328,caijing.com.cn
329,conservativetribune.com
330,dmm.co.jp
331,yts.ag
332,ltn.com.tw
333,google.co.il
334,telegraph.co.uk
335,sberbank.ru
336,jd.com
337,avg.com
338,1688.com
339,google.ie
340,google.com.bd
341,4dsply.com
342,media.tumblr.com
343,hp.com
344,sabah.com.tr
345,kaskus.co.id
346,gmx.net
347,go.com
348,web.de
349,goodreads.com
350,kakaku.com
351,pandora.com
352,oracle.com
353,flickr.com
354,digikala.com
355,usatoday.com
356,poptm.com
357,google.dk
358,samsung.com
359,hatenablog.com
360,torrentz2.eu
361,evernote.com
362,cnnic.cn
363,enet.com.cn
364,blkget.com
365,wsj.com
366,51yes.com
367,onet.pl
368,google.fi
369,repubblica.it
370,wix.com
371,dictionary.com
372,subscene.com
373,hotstar.com
374,ndtv.com
375,paytm.com
376,xfinity.com
377,bloomberg.com
378,sciencedirect.com
379,blog.jp
380,hatena.ne.jp
381,adnetworkperformance.com
382,leagueoflegends.com
383,zendesk.com
384,spankbang.com
385,fiverr.com
386,icloud.com
387,zone-telechargement.com
388,bukalapak.com
389,nfl.com
390,homedepot.com
391,ruten.com.tw
392,orange.fr
393,quizlet.com
394,americanexpress.com
395,blackboard.com
396,weblio.jp
397,tube8.com
398,douban.com
399,chaoshi.tmall.com
400,speedtest.net
401,adidas.tmall.com
402,gsmarena.com
403,4shared.com
404,steamcommunity.com
405,blogspot.jp
406,2ch.net
407,google.sk
408,qiita.com
409,reddituploads.com
410,tvplusnewtab.com
411,ebay.it
412,googlevideo.com
413,medium.com
414,dell.com
415,baike.com
416,souq.com
417,cloudfront.net
418,shopify.com
419,teepr.com
420,123movies.is
421,beeg.com
422,iqiyi.com
423,exoclick.com
424,kapanlagi.com
425,spiegel.de
426,youdao.com
427,messenger.com
428,groupon.com
429,watsons.tmall.com
430,redirectvoluum.com
431,amazon.ca
432,hespress.com
433,accuweather.com
434,researchgate.net
435,fivethirtyeight.com
436,hdfcbank.com
437,ouo.io
438,behance.net
439,free.fr
440,oeeee.com
441,phox2ey.bid
442,blogspot.mx
443,ups.com
444,wp.pl
445,wixsite.com
446,eastday.com
447,4chan.org
448,hola.com
449,azlyrics.com
450,macys.com
451,gismeteo.ru
452,capitalone.com
453,ci123.com
454,elpais.com
455,thefreedictionary.com
456,upwork.com
457,hilltopads.net
458,blogfa.com
459,putlockers.ch
460,dingit.tv
461,haber7.com
462,usps.com
463,ask.fm
464,ign.com
465,kooora.com
466,kickstarter.com
467,cricbuzz.com
468,mysagagame.com
469,telegram.org
470,politico.com
471,mercadolibre.com.ar
472,prezi.com
473,detonate.com
474,shink.in
475,seznam.cz
476,marca.com
477,hurriyet.com.tr
478,ebay.com.au
479,about.com
480,filehippo.com
481,reuters.com
482,google.kz
483,neobux.com
484,tradeadexchange.com
485,atlassian.net
486,tutorialspoint.com
487,addthis.com
488,independent.co.uk
489,merdeka.com
490,cbsnews.com
491,westernjournalism.com
492,sahibinden.com
493,nownews.com
494,box.com
495,aparat.com
496,vk.me
497,mit.edu
498,ablogica.com
499,webmd.com
500,gamefaqs.com
